tpr,fpr,auc,clf,fold,f1,prec,rec
0.0,0.0,0.9760724346076459,ez_ens,1,0.6987242394504416,0.5527950310559007,0.9493333333333334
0.008,0.0,0.9760724346076459,ez_ens,1,0.6987242394504416,0.5527950310559007,0.9493333333333334
0.04,0.0,0.9760724346076459,ez_ens,1,0.6987242394504416,0.5527950310559007,0.9493333333333334
0.04,0.001006036217303823,0.9760724346076459,ez_ens,1,0.6987242394504416,0.5527950310559007,0.9493333333333334
0.048,0.001006036217303823,0.9760724346076459,ez_ens,1,0.6987242394504416,0.5527950310559007,0.9493333333333334
0.064,0.001006036217303823,0.9760724346076459,ez_ens,1,0.6987242394504416,0.5527950310559007,0.9493333333333334
0.136,0.001006036217303823,0.9760724346076459,ez_ens,1,0.6987242394504416,0.5527950310559007,0.9493333333333334
0.136,0.002012072434607646,0.9760724346076459,ez_ens,1,0.6987242394504416,0.5527950310559007,0.9493333333333334
0.216,0.002012072434607646,0.9760724346076459,ez_ens,1,0.6987242394504416,0.5527950310559007,0.9493333333333334
0.216,0.0030181086519114686,0.9760724346076459,ez_ens,1,0.6987242394504416,0.5527950310559007,0.9493333333333334
0.288,0.0030181086519114686,0.9760724346076459,ez_ens,1,0.6987242394504416,0.5527950310559007,0.9493333333333334
0.288,0.004024144869215292,0.9760724346076459,ez_ens,1,0.6987242394504416,0.5527950310559007,0.9493333333333334
0.296,0.004024144869215292,0.9760724346076459,ez_ens,1,0.6987242394504416,0.5527950310559007,0.9493333333333334
0.296,0.005030181086519115,0.9760724346076459,ez_ens,1,0.6987242394504416,0.5527950310559007,0.9493333333333334
0.392,0.005030181086519115,0.9760724346076459,ez_ens,1,0.6987242394504416,0.5527950310559007,0.9493333333333334
0.392,0.007042253521126761,0.9760724346076459,ez_ens,1,0.6987242394504416,0.5527950310559007,0.9493333333333334
0.432,0.007042253521126761,0.9760724346076459,ez_ens,1,0.6987242394504416,0.5527950310559007,0.9493333333333334
0.432,0.008048289738430584,0.9760724346076459,ez_ens,1,0.6987242394504416,0.5527950310559007,0.9493333333333334
0.456,0.008048289738430584,0.9760724346076459,ez_ens,1,0.6987242394504416,0.5527950310559007,0.9493333333333334
0.456,0.009054325955734407,0.9760724346076459,ez_ens,1,0.6987242394504416,0.5527950310559007,0.9493333333333334
0.496,0.009054325955734407,0.9760724346076459,ez_ens,1,0.6987242394504416,0.5527950310559007,0.9493333333333334
0.496,0.01006036217303823,0.9760724346076459,ez_ens,1,0.6987242394504416,0.5527950310559007,0.9493333333333334
0.504,0.01006036217303823,0.9760724346076459,ez_ens,1,0.6987242394504416,0.5527950310559007,0.9493333333333334
0.504,0.011066398390342052,0.9760724346076459,ez_ens,1,0.6987242394504416,0.5527950310559007,0.9493333333333334
0.512,0.011066398390342052,0.9760724346076459,ez_ens,1,0.6987242394504416,0.5527950310559007,0.9493333333333334
0.528,0.011066398390342052,0.9760724346076459,ez_ens,1,0.6987242394504416,0.5527950310559007,0.9493333333333334
0.536,0.011066398390342052,0.9760724346076459,ez_ens,1,0.6987242394504416,0.5527950310559007,0.9493333333333334
0.536,0.012072434607645875,0.9760724346076459,ez_ens,1,0.6987242394504416,0.5527950310559007,0.9493333333333334
0.624,0.012072434607645875,0.9760724346076459,ez_ens,1,0.6987242394504416,0.5527950310559007,0.9493333333333334
0.624,0.014084507042253521,0.9760724346076459,ez_ens,1,0.6987242394504416,0.5527950310559007,0.9493333333333334
0.632,0.014084507042253521,0.9760724346076459,ez_ens,1,0.6987242394504416,0.5527950310559007,0.9493333333333334
0.632,0.015090543259557344,0.9760724346076459,ez_ens,1,0.6987242394504416,0.5527950310559007,0.9493333333333334
0.68,0.015090543259557344,0.9760724346076459,ez_ens,1,0.6987242394504416,0.5527950310559007,0.9493333333333334
0.68,0.01609657947686117,0.9760724346076459,ez_ens,1,0.6987242394504416,0.5527950310559007,0.9493333333333334
0.688,0.01609657947686117,0.9760724346076459,ez_ens,1,0.6987242394504416,0.5527950310559007,0.9493333333333334
0.688,0.018108651911468814,0.9760724346076459,ez_ens,1,0.6987242394504416,0.5527950310559007,0.9493333333333334
0.696,0.018108651911468814,0.9760724346076459,ez_ens,1,0.6987242394504416,0.5527950310559007,0.9493333333333334
0.696,0.019114688128772636,0.9760724346076459,ez_ens,1,0.6987242394504416,0.5527950310559007,0.9493333333333334
0.704,0.019114688128772636,0.9760724346076459,ez_ens,1,0.6987242394504416,0.5527950310559007,0.9493333333333334
0.704,0.02112676056338028,0.9760724346076459,ez_ens,1,0.6987242394504416,0.5527950310559007,0.9493333333333334
0.712,0.02112676056338028,0.9760724346076459,ez_ens,1,0.6987242394504416,0.5527950310559007,0.9493333333333334
0.712,0.022132796780684104,0.9760724346076459,ez_ens,1,0.6987242394504416,0.5527950310559007,0.9493333333333334
0.728,0.022132796780684104,0.9760724346076459,ez_ens,1,0.6987242394504416,0.5527950310559007,0.9493333333333334
0.728,0.023138832997987926,0.9760724346076459,ez_ens,1,0.6987242394504416,0.5527950310559007,0.9493333333333334
0.744,0.023138832997987926,0.9760724346076459,ez_ens,1,0.6987242394504416,0.5527950310559007,0.9493333333333334
0.744,0.02414486921529175,0.9760724346076459,ez_ens,1,0.6987242394504416,0.5527950310559007,0.9493333333333334
0.752,0.02414486921529175,0.9760724346076459,ez_ens,1,0.6987242394504416,0.5527950310559007,0.9493333333333334
0.752,0.025150905432595575,0.9760724346076459,ez_ens,1,0.6987242394504416,0.5527950310559007,0.9493333333333334
0.768,0.025150905432595575,0.9760724346076459,ez_ens,1,0.6987242394504416,0.5527950310559007,0.9493333333333334
0.768,0.026156941649899398,0.9760724346076459,ez_ens,1,0.6987242394504416,0.5527950310559007,0.9493333333333334
0.8,0.026156941649899398,0.9760724346076459,ez_ens,1,0.6987242394504416,0.5527950310559007,0.9493333333333334
0.8,0.02716297786720322,0.9760724346076459,ez_ens,1,0.6987242394504416,0.5527950310559007,0.9493333333333334
0.824,0.02716297786720322,0.9760724346076459,ez_ens,1,0.6987242394504416,0.5527950310559007,0.9493333333333334
0.824,0.029175050301810865,0.9760724346076459,ez_ens,1,0.6987242394504416,0.5527950310559007,0.9493333333333334
0.832,0.029175050301810865,0.9760724346076459,ez_ens,1,0.6987242394504416,0.5527950310559007,0.9493333333333334
0.832,0.03420523138832998,0.9760724346076459,ez_ens,1,0.6987242394504416,0.5527950310559007,0.9493333333333334
0.84,0.03420523138832998,0.9760724346076459,ez_ens,1,0.6987242394504416,0.5527950310559007,0.9493333333333334
0.84,0.03722334004024145,0.9760724346076459,ez_ens,1,0.6987242394504416,0.5527950310559007,0.9493333333333334
0.856,0.03722334004024145,0.9760724346076459,ez_ens,1,0.6987242394504416,0.5527950310559007,0.9493333333333334
0.856,0.04024144869215292,0.9760724346076459,ez_ens,1,0.6987242394504416,0.5527950310559007,0.9493333333333334
0.864,0.04024144869215292,0.9760724346076459,ez_ens,1,0.6987242394504416,0.5527950310559007,0.9493333333333334
0.864,0.05432595573440644,0.9760724346076459,ez_ens,1,0.6987242394504416,0.5527950310559007,0.9493333333333334
0.88,0.05432595573440644,0.9760724346076459,ez_ens,1,0.6987242394504416,0.5527950310559007,0.9493333333333334
0.88,0.06338028169014084,0.9760724346076459,ez_ens,1,0.6987242394504416,0.5527950310559007,0.9493333333333334
0.888,0.06338028169014084,0.9760724346076459,ez_ens,1,0.6987242394504416,0.5527950310559007,0.9493333333333334
0.888,0.06639839034205232,0.9760724346076459,ez_ens,1,0.6987242394504416,0.5527950310559007,0.9493333333333334
0.896,0.06639839034205232,0.9760724346076459,ez_ens,1,0.6987242394504416,0.5527950310559007,0.9493333333333334
0.896,0.0744466800804829,0.9760724346076459,ez_ens,1,0.6987242394504416,0.5527950310559007,0.9493333333333334
0.912,0.0744466800804829,0.9760724346076459,ez_ens,1,0.6987242394504416,0.5527950310559007,0.9493333333333334
0.912,0.07847082494969819,0.9760724346076459,ez_ens,1,0.6987242394504416,0.5527950310559007,0.9493333333333334
0.92,0.07847082494969819,0.9760724346076459,ez_ens,1,0.6987242394504416,0.5527950310559007,0.9493333333333334
0.92,0.08450704225352113,0.9760724346076459,ez_ens,1,0.6987242394504416,0.5527950310559007,0.9493333333333334
0.928,0.08450704225352113,0.9760724346076459,ez_ens,1,0.6987242394504416,0.5527950310559007,0.9493333333333334
0.928,0.0875251509054326,0.9760724346076459,ez_ens,1,0.6987242394504416,0.5527950310559007,0.9493333333333334
0.936,0.0875251509054326,0.9760724346076459,ez_ens,1,0.6987242394504416,0.5527950310559007,0.9493333333333334
0.936,0.09054325955734406,0.9760724346076459,ez_ens,1,0.6987242394504416,0.5527950310559007,0.9493333333333334
0.944,0.09054325955734406,0.9760724346076459,ez_ens,1,0.6987242394504416,0.5527950310559007,0.9493333333333334
0.944,0.09154929577464789,0.9760724346076459,ez_ens,1,0.6987242394504416,0.5527950310559007,0.9493333333333334
0.952,0.09154929577464789,0.9760724346076459,ez_ens,1,0.6987242394504416,0.5527950310559007,0.9493333333333334
0.952,0.09456740442655935,0.9760724346076459,ez_ens,1,0.6987242394504416,0.5527950310559007,0.9493333333333334
0.968,0.09456740442655935,0.9760724346076459,ez_ens,1,0.6987242394504416,0.5527950310559007,0.9493333333333334
0.968,0.11267605633802817,0.9760724346076459,ez_ens,1,0.6987242394504416,0.5527950310559007,0.9493333333333334
0.976,0.11267605633802817,0.9760724346076459,ez_ens,1,0.6987242394504416,0.5527950310559007,0.9493333333333334
0.976,0.1488933601609658,0.9760724346076459,ez_ens,1,0.6987242394504416,0.5527950310559007,0.9493333333333334
0.984,0.1488933601609658,0.9760724346076459,ez_ens,1,0.6987242394504416,0.5527950310559007,0.9493333333333334
0.984,0.23843058350100604,0.9760724346076459,ez_ens,1,0.6987242394504416,0.5527950310559007,0.9493333333333334
0.992,0.23843058350100604,0.9760724346076459,ez_ens,1,0.6987242394504416,0.5527950310559007,0.9493333333333334
0.992,0.2454728370221328,0.9760724346076459,ez_ens,1,0.6987242394504416,0.5527950310559007,0.9493333333333334
0.992,0.24748490945674045,0.9760724346076459,ez_ens,1,0.6987242394504416,0.5527950310559007,0.9493333333333334
0.992,0.358148893360161,0.9760724346076459,ez_ens,1,0.6987242394504416,0.5527950310559007,0.9493333333333334
1.0,0.358148893360161,0.9760724346076459,ez_ens,1,0.6987242394504416,0.5527950310559007,0.9493333333333334
1.0,0.37122736418511065,0.9760724346076459,ez_ens,1,0.6987242394504416,0.5527950310559007,0.9493333333333334
1.0,0.3732394366197183,0.9760724346076459,ez_ens,1,0.6987242394504416,0.5527950310559007,0.9493333333333334
1.0,0.43661971830985913,0.9760724346076459,ez_ens,1,0.6987242394504416,0.5527950310559007,0.9493333333333334
1.0,0.4386317907444668,0.9760724346076459,ez_ens,1,0.6987242394504416,0.5527950310559007,0.9493333333333334
1.0,0.48893360160965793,0.9760724346076459,ez_ens,1,0.6987242394504416,0.5527950310559007,0.9493333333333334
1.0,0.4949698189134809,0.9760724346076459,ez_ens,1,0.6987242394504416,0.5527950310559007,0.9493333333333334
1.0,0.5352112676056338,0.9760724346076459,ez_ens,1,0.6987242394504416,0.5527950310559007,0.9493333333333334
1.0,0.5422535211267606,0.9760724346076459,ez_ens,1,0.6987242394504416,0.5527950310559007,0.9493333333333334
1.0,0.613682092555332,0.9760724346076459,ez_ens,1,0.6987242394504416,0.5527950310559007,0.9493333333333334
1.0,0.6156941649899397,0.9760724346076459,ez_ens,1,0.6987242394504416,0.5527950310559007,0.9493333333333334
1.0,0.6428571428571429,0.9760724346076459,ez_ens,1,0.6987242394504416,0.5527950310559007,0.9493333333333334
1.0,0.6448692152917505,0.9760724346076459,ez_ens,1,0.6987242394504416,0.5527950310559007,0.9493333333333334
1.0,0.6509054325955734,0.9760724346076459,ez_ens,1,0.6987242394504416,0.5527950310559007,0.9493333333333334
1.0,0.6649899396378269,0.9760724346076459,ez_ens,1,0.6987242394504416,0.5527950310559007,0.9493333333333334
1.0,0.6690140845070423,0.9760724346076459,ez_ens,1,0.6987242394504416,0.5527950310559007,0.9493333333333334
1.0,0.7012072434607646,0.9760724346076459,ez_ens,1,0.6987242394504416,0.5527950310559007,0.9493333333333334
1.0,0.7032193158953722,0.9760724346076459,ez_ens,1,0.6987242394504416,0.5527950310559007,0.9493333333333334
1.0,0.704225352112676,0.9760724346076459,ez_ens,1,0.6987242394504416,0.5527950310559007,0.9493333333333334
1.0,0.7263581488933601,0.9760724346076459,ez_ens,1,0.6987242394504416,0.5527950310559007,0.9493333333333334
1.0,0.7716297786720322,0.9760724346076459,ez_ens,1,0.6987242394504416,0.5527950310559007,0.9493333333333334
1.0,0.7736418511066399,0.9760724346076459,ez_ens,1,0.6987242394504416,0.5527950310559007,0.9493333333333334
1.0,0.8480885311871227,0.9760724346076459,ez_ens,1,0.6987242394504416,0.5527950310559007,0.9493333333333334
1.0,0.8501006036217303,0.9760724346076459,ez_ens,1,0.6987242394504416,0.5527950310559007,0.9493333333333334
1.0,1.0,0.9760724346076459,ez_ens,1,0.6987242394504416,0.5527950310559007,0.9493333333333334
0.0,0.0,0.9618207452165156,ez_ens,2,0.6987242394504416,0.5527950310559007,0.9493333333333334
0.008,0.0,0.9618207452165156,ez_ens,2,0.6987242394504416,0.5527950310559007,0.9493333333333334
0.12,0.0,0.9618207452165156,ez_ens,2,0.6987242394504416,0.5527950310559007,0.9493333333333334
0.12,0.0010070493454179255,0.9618207452165156,ez_ens,2,0.6987242394504416,0.5527950310559007,0.9493333333333334
0.208,0.0010070493454179255,0.9618207452165156,ez_ens,2,0.6987242394504416,0.5527950310559007,0.9493333333333334
0.208,0.002014098690835851,0.9618207452165156,ez_ens,2,0.6987242394504416,0.5527950310559007,0.9493333333333334
0.288,0.002014098690835851,0.9618207452165156,ez_ens,2,0.6987242394504416,0.5527950310559007,0.9493333333333334
0.288,0.004028197381671702,0.9618207452165156,ez_ens,2,0.6987242394504416,0.5527950310559007,0.9493333333333334
0.296,0.004028197381671702,0.9618207452165156,ez_ens,2,0.6987242394504416,0.5527950310559007,0.9493333333333334
0.296,0.007049345417925478,0.9618207452165156,ez_ens,2,0.6987242394504416,0.5527950310559007,0.9493333333333334
0.304,0.007049345417925478,0.9618207452165156,ez_ens,2,0.6987242394504416,0.5527950310559007,0.9493333333333334
0.304,0.011077542799597181,0.9618207452165156,ez_ens,2,0.6987242394504416,0.5527950310559007,0.9493333333333334
0.32,0.011077542799597181,0.9618207452165156,ez_ens,2,0.6987242394504416,0.5527950310559007,0.9493333333333334
0.32,0.013091641490433032,0.9618207452165156,ez_ens,2,0.6987242394504416,0.5527950310559007,0.9493333333333334
0.328,0.013091641490433032,0.9618207452165156,ez_ens,2,0.6987242394504416,0.5527950310559007,0.9493333333333334
0.328,0.014098690835850957,0.9618207452165156,ez_ens,2,0.6987242394504416,0.5527950310559007,0.9493333333333334
0.352,0.014098690835850957,0.9618207452165156,ez_ens,2,0.6987242394504416,0.5527950310559007,0.9493333333333334
0.352,0.015105740181268883,0.9618207452165156,ez_ens,2,0.6987242394504416,0.5527950310559007,0.9493333333333334
0.36,0.015105740181268883,0.9618207452165156,ez_ens,2,0.6987242394504416,0.5527950310559007,0.9493333333333334
0.36,0.016112789526686808,0.9618207452165156,ez_ens,2,0.6987242394504416,0.5527950310559007,0.9493333333333334
0.392,0.016112789526686808,0.9618207452165156,ez_ens,2,0.6987242394504416,0.5527950310559007,0.9493333333333334
0.392,0.017119838872104734,0.9618207452165156,ez_ens,2,0.6987242394504416,0.5527950310559007,0.9493333333333334
0.4,0.017119838872104734,0.9618207452165156,ez_ens,2,0.6987242394504416,0.5527950310559007,0.9493333333333334
0.4,0.01812688821752266,0.9618207452165156,ez_ens,2,0.6987242394504416,0.5527950310559007,0.9493333333333334
0.408,0.01812688821752266,0.9618207452165156,ez_ens,2,0.6987242394504416,0.5527950310559007,0.9493333333333334
0.408,0.019133937562940583,0.9618207452165156,ez_ens,2,0.6987242394504416,0.5527950310559007,0.9493333333333334
0.424,0.019133937562940583,0.9618207452165156,ez_ens,2,0.6987242394504416,0.5527950310559007,0.9493333333333334
0.456,0.019133937562940583,0.9618207452165156,ez_ens,2,0.6987242394504416,0.5527950310559007,0.9493333333333334
0.456,0.02014098690835851,0.9618207452165156,ez_ens,2,0.6987242394504416,0.5527950310559007,0.9493333333333334
0.464,0.02014098690835851,0.9618207452165156,ez_ens,2,0.6987242394504416,0.5527950310559007,0.9493333333333334
0.464,0.026183282980866064,0.9618207452165156,ez_ens,2,0.6987242394504416,0.5527950310559007,0.9493333333333334
0.48,0.026183282980866064,0.9618207452165156,ez_ens,2,0.6987242394504416,0.5527950310559007,0.9493333333333334
0.48,0.028197381671701913,0.9618207452165156,ez_ens,2,0.6987242394504416,0.5527950310559007,0.9493333333333334
0.488,0.028197381671701913,0.9618207452165156,ez_ens,2,0.6987242394504416,0.5527950310559007,0.9493333333333334
0.488,0.030211480362537766,0.9618207452165156,ez_ens,2,0.6987242394504416,0.5527950310559007,0.9493333333333334
0.52,0.030211480362537766,0.9618207452165156,ez_ens,2,0.6987242394504416,0.5527950310559007,0.9493333333333334
0.52,0.032225579053373615,0.9618207452165156,ez_ens,2,0.6987242394504416,0.5527950310559007,0.9493333333333334
0.528,0.032225579053373615,0.9618207452165156,ez_ens,2,0.6987242394504416,0.5527950310559007,0.9493333333333334
0.544,0.032225579053373615,0.9618207452165156,ez_ens,2,0.6987242394504416,0.5527950310559007,0.9493333333333334
0.56,0.032225579053373615,0.9618207452165156,ez_ens,2,0.6987242394504416,0.5527950310559007,0.9493333333333334
0.56,0.03423967774420947,0.9618207452165156,ez_ens,2,0.6987242394504416,0.5527950310559007,0.9493333333333334
0.6,0.03423967774420947,0.9618207452165156,ez_ens,2,0.6987242394504416,0.5527950310559007,0.9493333333333334
0.6,0.035246727089627394,0.9618207452165156,ez_ens,2,0.6987242394504416,0.5527950310559007,0.9493333333333334
0.608,0.035246727089627394,0.9618207452165156,ez_ens,2,0.6987242394504416,0.5527950310559007,0.9493333333333334
0.608,0.03625377643504532,0.9618207452165156,ez_ens,2,0.6987242394504416,0.5527950310559007,0.9493333333333334
0.632,0.03625377643504532,0.9618207452165156,ez_ens,2,0.6987242394504416,0.5527950310559007,0.9493333333333334
0.632,0.03726082578046324,0.9618207452165156,ez_ens,2,0.6987242394504416,0.5527950310559007,0.9493333333333334
0.648,0.03726082578046324,0.9618207452165156,ez_ens,2,0.6987242394504416,0.5527950310559007,0.9493333333333334
0.648,0.03927492447129909,0.9618207452165156,ez_ens,2,0.6987242394504416,0.5527950310559007,0.9493333333333334
0.664,0.03927492447129909,0.9618207452165156,ez_ens,2,0.6987242394504416,0.5527950310559007,0.9493333333333334
0.664,0.04028197381671702,0.9618207452165156,ez_ens,2,0.6987242394504416,0.5527950310559007,0.9493333333333334
0.672,0.04028197381671702,0.9618207452165156,ez_ens,2,0.6987242394504416,0.5527950310559007,0.9493333333333334
0.672,0.041289023162134945,0.9618207452165156,ez_ens,2,0.6987242394504416,0.5527950310559007,0.9493333333333334
0.688,0.041289023162134945,0.9618207452165156,ez_ens,2,0.6987242394504416,0.5527950310559007,0.9493333333333334
0.688,0.045317220543806644,0.9618207452165156,ez_ens,2,0.6987242394504416,0.5527950310559007,0.9493333333333334
0.696,0.045317220543806644,0.9618207452165156,ez_ens,2,0.6987242394504416,0.5527950310559007,0.9493333333333334
0.696,0.04632426988922457,0.9618207452165156,ez_ens,2,0.6987242394504416,0.5527950310559007,0.9493333333333334
0.704,0.04632426988922457,0.9618207452165156,ez_ens,2,0.6987242394504416,0.5527950310559007,0.9493333333333334
0.704,0.0473313192346425,0.9618207452165156,ez_ens,2,0.6987242394504416,0.5527950310559007,0.9493333333333334
0.72,0.0473313192346425,0.9618207452165156,ez_ens,2,0.6987242394504416,0.5527950310559007,0.9493333333333334
0.72,0.04833836858006042,0.9618207452165156,ez_ens,2,0.6987242394504416,0.5527950310559007,0.9493333333333334
0.736,0.04833836858006042,0.9618207452165156,ez_ens,2,0.6987242394504416,0.5527950310559007,0.9493333333333334
0.736,0.04934541792547835,0.9618207452165156,ez_ens,2,0.6987242394504416,0.5527950310559007,0.9493333333333334
0.744,0.04934541792547835,0.9618207452165156,ez_ens,2,0.6987242394504416,0.5527950310559007,0.9493333333333334
0.744,0.050352467270896276,0.9618207452165156,ez_ens,2,0.6987242394504416,0.5527950310559007,0.9493333333333334
0.752,0.050352467270896276,0.9618207452165156,ez_ens,2,0.6987242394504416,0.5527950310559007,0.9493333333333334
0.752,0.05236656596173213,0.9618207452165156,ez_ens,2,0.6987242394504416,0.5527950310559007,0.9493333333333334
0.76,0.05236656596173213,0.9618207452165156,ez_ens,2,0.6987242394504416,0.5527950310559007,0.9493333333333334
0.76,0.0553877139979859,0.9618207452165156,ez_ens,2,0.6987242394504416,0.5527950310559007,0.9493333333333334
0.784,0.0553877139979859,0.9618207452165156,ez_ens,2,0.6987242394504416,0.5527950310559007,0.9493333333333334
0.784,0.05639476334340383,0.9618207452165156,ez_ens,2,0.6987242394504416,0.5527950310559007,0.9493333333333334
0.8,0.05639476334340383,0.9618207452165156,ez_ens,2,0.6987242394504416,0.5527950310559007,0.9493333333333334
0.8,0.05740181268882175,0.9618207452165156,ez_ens,2,0.6987242394504416,0.5527950310559007,0.9493333333333334
0.816,0.05740181268882175,0.9618207452165156,ez_ens,2,0.6987242394504416,0.5527950310559007,0.9493333333333334
0.816,0.06042296072507553,0.9618207452165156,ez_ens,2,0.6987242394504416,0.5527950310559007,0.9493333333333334
0.832,0.06042296072507553,0.9618207452165156,ez_ens,2,0.6987242394504416,0.5527950310559007,0.9493333333333334
0.832,0.06143001007049345,0.9618207452165156,ez_ens,2,0.6987242394504416,0.5527950310559007,0.9493333333333334
0.84,0.06143001007049345,0.9618207452165156,ez_ens,2,0.6987242394504416,0.5527950310559007,0.9493333333333334
0.84,0.06243705941591138,0.9618207452165156,ez_ens,2,0.6987242394504416,0.5527950310559007,0.9493333333333334
0.848,0.06243705941591138,0.9618207452165156,ez_ens,2,0.6987242394504416,0.5527950310559007,0.9493333333333334
0.848,0.0634441087613293,0.9618207452165156,ez_ens,2,0.6987242394504416,0.5527950310559007,0.9493333333333334
0.856,0.0634441087613293,0.9618207452165156,ez_ens,2,0.6987242394504416,0.5527950310559007,0.9493333333333334
0.856,0.06646525679758308,0.9618207452165156,ez_ens,2,0.6987242394504416,0.5527950310559007,0.9493333333333334
0.872,0.06646525679758308,0.9618207452165156,ez_ens,2,0.6987242394504416,0.5527950310559007,0.9493333333333334
0.872,0.06847935548841894,0.9618207452165156,ez_ens,2,0.6987242394504416,0.5527950310559007,0.9493333333333334
0.88,0.06847935548841894,0.9618207452165156,ez_ens,2,0.6987242394504416,0.5527950310559007,0.9493333333333334
0.88,0.07049345417925479,0.9618207452165156,ez_ens,2,0.6987242394504416,0.5527950310559007,0.9493333333333334
0.888,0.07049345417925479,0.9618207452165156,ez_ens,2,0.6987242394504416,0.5527950310559007,0.9493333333333334
0.888,0.07452165156092648,0.9618207452165156,ez_ens,2,0.6987242394504416,0.5527950310559007,0.9493333333333334
0.896,0.07452165156092648,0.9618207452165156,ez_ens,2,0.6987242394504416,0.5527950310559007,0.9493333333333334
0.896,0.08257804632426989,0.9618207452165156,ez_ens,2,0.6987242394504416,0.5527950310559007,0.9493333333333334
0.904,0.08257804632426989,0.9618207452165156,ez_ens,2,0.6987242394504416,0.5527950310559007,0.9493333333333334
0.904,0.08358509566968782,0.9618207452165156,ez_ens,2,0.6987242394504416,0.5527950310559007,0.9493333333333334
0.92,0.08358509566968782,0.9618207452165156,ez_ens,2,0.6987242394504416,0.5527950310559007,0.9493333333333334
0.92,0.08962739174219536,0.9618207452165156,ez_ens,2,0.6987242394504416,0.5527950310559007,0.9493333333333334
0.936,0.08962739174219536,0.9618207452165156,ez_ens,2,0.6987242394504416,0.5527950310559007,0.9493333333333334
0.936,0.09768378650553877,0.9618207452165156,ez_ens,2,0.6987242394504416,0.5527950310559007,0.9493333333333334
0.944,0.09768378650553877,0.9618207452165156,ez_ens,2,0.6987242394504416,0.5527950310559007,0.9493333333333334
0.944,0.11178247734138973,0.9618207452165156,ez_ens,2,0.6987242394504416,0.5527950310559007,0.9493333333333334
0.952,0.11178247734138973,0.9618207452165156,ez_ens,2,0.6987242394504416,0.5527950310559007,0.9493333333333334
0.952,0.12588116817724068,0.9618207452165156,ez_ens,2,0.6987242394504416,0.5527950310559007,0.9493333333333334
0.96,0.12588116817724068,0.9618207452165156,ez_ens,2,0.6987242394504416,0.5527950310559007,0.9493333333333334
0.96,0.13494461228600202,0.9618207452165156,ez_ens,2,0.6987242394504416,0.5527950310559007,0.9493333333333334
0.968,0.13494461228600202,0.9618207452165156,ez_ens,2,0.6987242394504416,0.5527950310559007,0.9493333333333334
0.968,0.14501510574018128,0.9618207452165156,ez_ens,2,0.6987242394504416,0.5527950310559007,0.9493333333333334
0.976,0.14501510574018128,0.9618207452165156,ez_ens,2,0.6987242394504416,0.5527950310559007,0.9493333333333334
0.976,0.15911379657603222,0.9618207452165156,ez_ens,2,0.6987242394504416,0.5527950310559007,0.9493333333333334
0.976,0.16112789526686808,0.9618207452165156,ez_ens,2,0.6987242394504416,0.5527950310559007,0.9493333333333334
0.976,0.1903323262839879,0.9618207452165156,ez_ens,2,0.6987242394504416,0.5527950310559007,0.9493333333333334
0.976,0.19234642497482377,0.9618207452165156,ez_ens,2,0.6987242394504416,0.5527950310559007,0.9493333333333334
0.976,0.19536757301107754,0.9618207452165156,ez_ens,2,0.6987242394504416,0.5527950310559007,0.9493333333333334
0.976,0.1973816717019134,0.9618207452165156,ez_ens,2,0.6987242394504416,0.5527950310559007,0.9493333333333334
0.976,0.22356495468277945,0.9618207452165156,ez_ens,2,0.6987242394504416,0.5527950310559007,0.9493333333333334
0.984,0.22356495468277945,0.9618207452165156,ez_ens,2,0.6987242394504416,0.5527950310559007,0.9493333333333334
0.984,0.3252769385699899,0.9618207452165156,ez_ens,2,0.6987242394504416,0.5527950310559007,0.9493333333333334
0.992,0.3252769385699899,0.9618207452165156,ez_ens,2,0.6987242394504416,0.5527950310559007,0.9493333333333334
0.992,0.3333333333333333,0.9618207452165156,ez_ens,2,0.6987242394504416,0.5527950310559007,0.9493333333333334
0.992,0.33534743202416917,0.9618207452165156,ez_ens,2,0.6987242394504416,0.5527950310559007,0.9493333333333334
0.992,0.3726082578046324,0.9618207452165156,ez_ens,2,0.6987242394504416,0.5527950310559007,0.9493333333333334
1.0,0.3726082578046324,0.9618207452165156,ez_ens,2,0.6987242394504416,0.5527950310559007,0.9493333333333334
1.0,0.4108761329305136,0.9618207452165156,ez_ens,2,0.6987242394504416,0.5527950310559007,0.9493333333333334
1.0,0.41289023162134947,0.9618207452165156,ez_ens,2,0.6987242394504416,0.5527950310559007,0.9493333333333334
1.0,0.4390735146022155,0.9618207452165156,ez_ens,2,0.6987242394504416,0.5527950310559007,0.9493333333333334
1.0,0.4420946626384693,0.9618207452165156,ez_ens,2,0.6987242394504416,0.5527950310559007,0.9493333333333334
1.0,0.44914400805639476,0.9618207452165156,ez_ens,2,0.6987242394504416,0.5527950310559007,0.9493333333333334
1.0,0.4511581067472306,0.9618207452165156,ez_ens,2,0.6987242394504416,0.5527950310559007,0.9493333333333334
1.0,0.459214501510574,0.9618207452165156,ez_ens,2,0.6987242394504416,0.5527950310559007,0.9493333333333334
1.0,0.4622356495468278,0.9618207452165156,ez_ens,2,0.6987242394504416,0.5527950310559007,0.9493333333333334
1.0,0.473313192346425,0.9618207452165156,ez_ens,2,0.6987242394504416,0.5527950310559007,0.9493333333333334
1.0,0.47532729103726085,0.9618207452165156,ez_ens,2,0.6987242394504416,0.5527950310559007,0.9493333333333334
1.0,0.48036253776435045,0.9618207452165156,ez_ens,2,0.6987242394504416,0.5527950310559007,0.9493333333333334
1.0,0.48338368580060426,0.9618207452165156,ez_ens,2,0.6987242394504416,0.5527950310559007,0.9493333333333334
1.0,0.48841893252769386,0.9618207452165156,ez_ens,2,0.6987242394504416,0.5527950310559007,0.9493333333333334
1.0,0.49345417925478346,0.9618207452165156,ez_ens,2,0.6987242394504416,0.5527950310559007,0.9493333333333334
1.0,0.5125881168177241,0.9618207452165156,ez_ens,2,0.6987242394504416,0.5527950310559007,0.9493333333333334
1.0,0.5196374622356495,0.9618207452165156,ez_ens,2,0.6987242394504416,0.5527950310559007,0.9493333333333334
1.0,0.5287009063444109,0.9618207452165156,ez_ens,2,0.6987242394504416,0.5527950310559007,0.9493333333333334
1.0,0.5307150050352467,0.9618207452165156,ez_ens,2,0.6987242394504416,0.5527950310559007,0.9493333333333334
1.0,0.5478348439073515,0.9618207452165156,ez_ens,2,0.6987242394504416,0.5527950310559007,0.9493333333333334
1.0,0.5579053373615307,0.9618207452165156,ez_ens,2,0.6987242394504416,0.5527950310559007,0.9493333333333334
1.0,0.5790533736153072,0.9618207452165156,ez_ens,2,0.6987242394504416,0.5527950310559007,0.9493333333333334
1.0,0.581067472306143,0.9618207452165156,ez_ens,2,0.6987242394504416,0.5527950310559007,0.9493333333333334
1.0,0.5820745216515609,0.9618207452165156,ez_ens,2,0.6987242394504416,0.5527950310559007,0.9493333333333334
1.0,0.5840886203423967,0.9618207452165156,ez_ens,2,0.6987242394504416,0.5527950310559007,0.9493333333333334
1.0,0.6304128902316214,0.9618207452165156,ez_ens,2,0.6987242394504416,0.5527950310559007,0.9493333333333334
1.0,0.6324269889224572,0.9618207452165156,ez_ens,2,0.6987242394504416,0.5527950310559007,0.9493333333333334
1.0,0.6858006042296072,0.9618207452165156,ez_ens,2,0.6987242394504416,0.5527950310559007,0.9493333333333334
1.0,0.6888217522658611,0.9618207452165156,ez_ens,2,0.6987242394504416,0.5527950310559007,0.9493333333333334
1.0,0.7341389728096677,0.9618207452165156,ez_ens,2,0.6987242394504416,0.5527950310559007,0.9493333333333334
1.0,0.7361530715005036,0.9618207452165156,ez_ens,2,0.6987242394504416,0.5527950310559007,0.9493333333333334
1.0,0.8026183282980867,0.9618207452165156,ez_ens,2,0.6987242394504416,0.5527950310559007,0.9493333333333334
1.0,0.8046324269889225,0.9618207452165156,ez_ens,2,0.6987242394504416,0.5527950310559007,0.9493333333333334
1.0,0.81067472306143,0.9618207452165156,ez_ens,2,0.6987242394504416,0.5527950310559007,0.9493333333333334
1.0,0.8126888217522659,0.9618207452165156,ez_ens,2,0.6987242394504416,0.5527950310559007,0.9493333333333334
1.0,1.0,0.9618207452165156,ez_ens,2,0.6987242394504416,0.5527950310559007,0.9493333333333334
0.0,0.0,0.9732286002014099,ez_ens,3,0.6987242394504416,0.5527950310559007,0.9493333333333334
0.008,0.0,0.9732286002014099,ez_ens,3,0.6987242394504416,0.5527950310559007,0.9493333333333334
0.024,0.0,0.9732286002014099,ez_ens,3,0.6987242394504416,0.5527950310559007,0.9493333333333334
0.024,0.0010070493454179255,0.9732286002014099,ez_ens,3,0.6987242394504416,0.5527950310559007,0.9493333333333334
0.096,0.0010070493454179255,0.9732286002014099,ez_ens,3,0.6987242394504416,0.5527950310559007,0.9493333333333334
0.096,0.002014098690835851,0.9732286002014099,ez_ens,3,0.6987242394504416,0.5527950310559007,0.9493333333333334
0.112,0.002014098690835851,0.9732286002014099,ez_ens,3,0.6987242394504416,0.5527950310559007,0.9493333333333334
0.128,0.002014098690835851,0.9732286002014099,ez_ens,3,0.6987242394504416,0.5527950310559007,0.9493333333333334
0.232,0.002014098690835851,0.9732286002014099,ez_ens,3,0.6987242394504416,0.5527950310559007,0.9493333333333334
0.232,0.004028197381671702,0.9732286002014099,ez_ens,3,0.6987242394504416,0.5527950310559007,0.9493333333333334
0.24,0.004028197381671702,0.9732286002014099,ez_ens,3,0.6987242394504416,0.5527950310559007,0.9493333333333334
0.24,0.005035246727089627,0.9732286002014099,ez_ens,3,0.6987242394504416,0.5527950310559007,0.9493333333333334
0.288,0.005035246727089627,0.9732286002014099,ez_ens,3,0.6987242394504416,0.5527950310559007,0.9493333333333334
0.288,0.008056394763343404,0.9732286002014099,ez_ens,3,0.6987242394504416,0.5527950310559007,0.9493333333333334
0.312,0.008056394763343404,0.9732286002014099,ez_ens,3,0.6987242394504416,0.5527950310559007,0.9493333333333334
0.312,0.00906344410876133,0.9732286002014099,ez_ens,3,0.6987242394504416,0.5527950310559007,0.9493333333333334
0.336,0.00906344410876133,0.9732286002014099,ez_ens,3,0.6987242394504416,0.5527950310559007,0.9493333333333334
0.336,0.010070493454179255,0.9732286002014099,ez_ens,3,0.6987242394504416,0.5527950310559007,0.9493333333333334
0.36,0.010070493454179255,0.9732286002014099,ez_ens,3,0.6987242394504416,0.5527950310559007,0.9493333333333334
0.36,0.011077542799597181,0.9732286002014099,ez_ens,3,0.6987242394504416,0.5527950310559007,0.9493333333333334
0.376,0.011077542799597181,0.9732286002014099,ez_ens,3,0.6987242394504416,0.5527950310559007,0.9493333333333334
0.376,0.012084592145015106,0.9732286002014099,ez_ens,3,0.6987242394504416,0.5527950310559007,0.9493333333333334
0.4,0.012084592145015106,0.9732286002014099,ez_ens,3,0.6987242394504416,0.5527950310559007,0.9493333333333334
0.4,0.013091641490433032,0.9732286002014099,ez_ens,3,0.6987242394504416,0.5527950310559007,0.9493333333333334
0.432,0.013091641490433032,0.9732286002014099,ez_ens,3,0.6987242394504416,0.5527950310559007,0.9493333333333334
0.432,0.014098690835850957,0.9732286002014099,ez_ens,3,0.6987242394504416,0.5527950310559007,0.9493333333333334
0.44,0.014098690835850957,0.9732286002014099,ez_ens,3,0.6987242394504416,0.5527950310559007,0.9493333333333334
0.44,0.015105740181268883,0.9732286002014099,ez_ens,3,0.6987242394504416,0.5527950310559007,0.9493333333333334
0.448,0.015105740181268883,0.9732286002014099,ez_ens,3,0.6987242394504416,0.5527950310559007,0.9493333333333334
0.448,0.017119838872104734,0.9732286002014099,ez_ens,3,0.6987242394504416,0.5527950310559007,0.9493333333333334
0.48,0.017119838872104734,0.9732286002014099,ez_ens,3,0.6987242394504416,0.5527950310559007,0.9493333333333334
0.48,0.01812688821752266,0.9732286002014099,ez_ens,3,0.6987242394504416,0.5527950310559007,0.9493333333333334
0.488,0.01812688821752266,0.9732286002014099,ez_ens,3,0.6987242394504416,0.5527950310559007,0.9493333333333334
0.488,0.02014098690835851,0.9732286002014099,ez_ens,3,0.6987242394504416,0.5527950310559007,0.9493333333333334
0.52,0.02014098690835851,0.9732286002014099,ez_ens,3,0.6987242394504416,0.5527950310559007,0.9493333333333334
0.52,0.021148036253776436,0.9732286002014099,ez_ens,3,0.6987242394504416,0.5527950310559007,0.9493333333333334
0.552,0.021148036253776436,0.9732286002014099,ez_ens,3,0.6987242394504416,0.5527950310559007,0.9493333333333334
0.552,0.022155085599194362,0.9732286002014099,ez_ens,3,0.6987242394504416,0.5527950310559007,0.9493333333333334
0.592,0.022155085599194362,0.9732286002014099,ez_ens,3,0.6987242394504416,0.5527950310559007,0.9493333333333334
0.592,0.02416918429003021,0.9732286002014099,ez_ens,3,0.6987242394504416,0.5527950310559007,0.9493333333333334
0.632,0.02416918429003021,0.9732286002014099,ez_ens,3,0.6987242394504416,0.5527950310559007,0.9493333333333334
0.632,0.025176233635448138,0.9732286002014099,ez_ens,3,0.6987242394504416,0.5527950310559007,0.9493333333333334
0.64,0.025176233635448138,0.9732286002014099,ez_ens,3,0.6987242394504416,0.5527950310559007,0.9493333333333334
0.64,0.026183282980866064,0.9732286002014099,ez_ens,3,0.6987242394504416,0.5527950310559007,0.9493333333333334
0.648,0.026183282980866064,0.9732286002014099,ez_ens,3,0.6987242394504416,0.5527950310559007,0.9493333333333334
0.664,0.026183282980866064,0.9732286002014099,ez_ens,3,0.6987242394504416,0.5527950310559007,0.9493333333333334
0.68,0.026183282980866064,0.9732286002014099,ez_ens,3,0.6987242394504416,0.5527950310559007,0.9493333333333334
0.68,0.027190332326283987,0.9732286002014099,ez_ens,3,0.6987242394504416,0.5527950310559007,0.9493333333333334
0.688,0.027190332326283987,0.9732286002014099,ez_ens,3,0.6987242394504416,0.5527950310559007,0.9493333333333334
0.688,0.028197381671701913,0.9732286002014099,ez_ens,3,0.6987242394504416,0.5527950310559007,0.9493333333333334
0.696,0.028197381671701913,0.9732286002014099,ez_ens,3,0.6987242394504416,0.5527950310559007,0.9493333333333334
0.696,0.02920443101711984,0.9732286002014099,ez_ens,3,0.6987242394504416,0.5527950310559007,0.9493333333333334
0.736,0.02920443101711984,0.9732286002014099,ez_ens,3,0.6987242394504416,0.5527950310559007,0.9493333333333334
0.736,0.030211480362537766,0.9732286002014099,ez_ens,3,0.6987242394504416,0.5527950310559007,0.9493333333333334
0.744,0.030211480362537766,0.9732286002014099,ez_ens,3,0.6987242394504416,0.5527950310559007,0.9493333333333334
0.744,0.03121852970795569,0.9732286002014099,ez_ens,3,0.6987242394504416,0.5527950310559007,0.9493333333333334
0.752,0.03121852970795569,0.9732286002014099,ez_ens,3,0.6987242394504416,0.5527950310559007,0.9493333333333334
0.752,0.03323262839879154,0.9732286002014099,ez_ens,3,0.6987242394504416,0.5527950310559007,0.9493333333333334
0.76,0.03323262839879154,0.9732286002014099,ez_ens,3,0.6987242394504416,0.5527950310559007,0.9493333333333334
0.76,0.03423967774420947,0.9732286002014099,ez_ens,3,0.6987242394504416,0.5527950310559007,0.9493333333333334
0.768,0.03423967774420947,0.9732286002014099,ez_ens,3,0.6987242394504416,0.5527950310559007,0.9493333333333334
0.768,0.03625377643504532,0.9732286002014099,ez_ens,3,0.6987242394504416,0.5527950310559007,0.9493333333333334
0.776,0.03625377643504532,0.9732286002014099,ez_ens,3,0.6987242394504416,0.5527950310559007,0.9493333333333334
0.776,0.038267875125881166,0.9732286002014099,ez_ens,3,0.6987242394504416,0.5527950310559007,0.9493333333333334
0.784,0.038267875125881166,0.9732286002014099,ez_ens,3,0.6987242394504416,0.5527950310559007,0.9493333333333334
0.784,0.03927492447129909,0.9732286002014099,ez_ens,3,0.6987242394504416,0.5527950310559007,0.9493333333333334
0.808,0.03927492447129909,0.9732286002014099,ez_ens,3,0.6987242394504416,0.5527950310559007,0.9493333333333334
0.808,0.0433031218529708,0.9732286002014099,ez_ens,3,0.6987242394504416,0.5527950310559007,0.9493333333333334
0.824,0.0433031218529708,0.9732286002014099,ez_ens,3,0.6987242394504416,0.5527950310559007,0.9493333333333334
0.824,0.045317220543806644,0.9732286002014099,ez_ens,3,0.6987242394504416,0.5527950310559007,0.9493333333333334
0.84,0.045317220543806644,0.9732286002014099,ez_ens,3,0.6987242394504416,0.5527950310559007,0.9493333333333334
0.84,0.04632426988922457,0.9732286002014099,ez_ens,3,0.6987242394504416,0.5527950310559007,0.9493333333333334
0.848,0.04632426988922457,0.9732286002014099,ez_ens,3,0.6987242394504416,0.5527950310559007,0.9493333333333334
0.848,0.0473313192346425,0.9732286002014099,ez_ens,3,0.6987242394504416,0.5527950310559007,0.9493333333333334
0.856,0.0473313192346425,0.9732286002014099,ez_ens,3,0.6987242394504416,0.5527950310559007,0.9493333333333334
0.856,0.04833836858006042,0.9732286002014099,ez_ens,3,0.6987242394504416,0.5527950310559007,0.9493333333333334
0.864,0.04833836858006042,0.9732286002014099,ez_ens,3,0.6987242394504416,0.5527950310559007,0.9493333333333334
0.864,0.05236656596173213,0.9732286002014099,ez_ens,3,0.6987242394504416,0.5527950310559007,0.9493333333333334
0.872,0.05236656596173213,0.9732286002014099,ez_ens,3,0.6987242394504416,0.5527950310559007,0.9493333333333334
0.872,0.0553877139979859,0.9732286002014099,ez_ens,3,0.6987242394504416,0.5527950310559007,0.9493333333333334
0.888,0.0553877139979859,0.9732286002014099,ez_ens,3,0.6987242394504416,0.5527950310559007,0.9493333333333334
0.888,0.06243705941591138,0.9732286002014099,ez_ens,3,0.6987242394504416,0.5527950310559007,0.9493333333333334
0.904,0.06243705941591138,0.9732286002014099,ez_ens,3,0.6987242394504416,0.5527950310559007,0.9493333333333334
0.904,0.06948640483383686,0.9732286002014099,ez_ens,3,0.6987242394504416,0.5527950310559007,0.9493333333333334
0.912,0.06948640483383686,0.9732286002014099,ez_ens,3,0.6987242394504416,0.5527950310559007,0.9493333333333334
0.912,0.07754279959718026,0.9732286002014099,ez_ens,3,0.6987242394504416,0.5527950310559007,0.9493333333333334
0.92,0.07754279959718026,0.9732286002014099,ez_ens,3,0.6987242394504416,0.5527950310559007,0.9493333333333334
0.92,0.07854984894259819,0.9732286002014099,ez_ens,3,0.6987242394504416,0.5527950310559007,0.9493333333333334
0.936,0.07854984894259819,0.9732286002014099,ez_ens,3,0.6987242394504416,0.5527950310559007,0.9493333333333334
0.936,0.08257804632426989,0.9732286002014099,ez_ens,3,0.6987242394504416,0.5527950310559007,0.9493333333333334
0.952,0.08257804632426989,0.9732286002014099,ez_ens,3,0.6987242394504416,0.5527950310559007,0.9493333333333334
0.952,0.08862034239677745,0.9732286002014099,ez_ens,3,0.6987242394504416,0.5527950310559007,0.9493333333333334
0.96,0.08862034239677745,0.9732286002014099,ez_ens,3,0.6987242394504416,0.5527950310559007,0.9493333333333334
0.96,0.09063444108761329,0.9732286002014099,ez_ens,3,0.6987242394504416,0.5527950310559007,0.9493333333333334
0.968,0.09063444108761329,0.9732286002014099,ez_ens,3,0.6987242394504416,0.5527950310559007,0.9493333333333334
0.968,0.09264853977844914,0.9732286002014099,ez_ens,3,0.6987242394504416,0.5527950310559007,0.9493333333333334
0.976,0.09264853977844914,0.9732286002014099,ez_ens,3,0.6987242394504416,0.5527950310559007,0.9493333333333334
0.976,0.10473313192346426,0.9732286002014099,ez_ens,3,0.6987242394504416,0.5527950310559007,0.9493333333333334
0.984,0.10473313192346426,0.9732286002014099,ez_ens,3,0.6987242394504416,0.5527950310559007,0.9493333333333334
0.984,0.18831822759315206,0.9732286002014099,ez_ens,3,0.6987242394504416,0.5527950310559007,0.9493333333333334
0.992,0.18831822759315206,0.9732286002014099,ez_ens,3,0.6987242394504416,0.5527950310559007,0.9493333333333334
0.992,0.2255790533736153,0.9732286002014099,ez_ens,3,0.6987242394504416,0.5527950310559007,0.9493333333333334
0.992,0.22759315206445116,0.9732286002014099,ez_ens,3,0.6987242394504416,0.5527950310559007,0.9493333333333334
0.992,0.24370594159113795,0.9732286002014099,ez_ens,3,0.6987242394504416,0.5527950310559007,0.9493333333333334
1.0,0.24370594159113795,0.9732286002014099,ez_ens,3,0.6987242394504416,0.5527950310559007,0.9493333333333334
1.0,0.283987915407855,0.9732286002014099,ez_ens,3,0.6987242394504416,0.5527950310559007,0.9493333333333334
1.0,0.28600201409869086,0.9732286002014099,ez_ens,3,0.6987242394504416,0.5527950310559007,0.9493333333333334
1.0,0.3595166163141994,0.9732286002014099,ez_ens,3,0.6987242394504416,0.5527950310559007,0.9493333333333334
1.0,0.36253776435045315,0.9732286002014099,ez_ens,3,0.6987242394504416,0.5527950310559007,0.9493333333333334
1.0,0.3947633434038268,0.9732286002014099,ez_ens,3,0.6987242394504416,0.5527950310559007,0.9493333333333334
1.0,0.39677744209466265,0.9732286002014099,ez_ens,3,0.6987242394504416,0.5527950310559007,0.9493333333333334
1.0,0.41389728096676737,0.9732286002014099,ez_ens,3,0.6987242394504416,0.5527950310559007,0.9493333333333334
1.0,0.4159113796576032,0.9732286002014099,ez_ens,3,0.6987242394504416,0.5527950310559007,0.9493333333333334
1.0,0.4874118831822759,0.9732286002014099,ez_ens,3,0.6987242394504416,0.5527950310559007,0.9493333333333334
1.0,0.48942598187311176,0.9732286002014099,ez_ens,3,0.6987242394504416,0.5527950310559007,0.9493333333333334
1.0,0.5075528700906344,0.9732286002014099,ez_ens,3,0.6987242394504416,0.5527950310559007,0.9493333333333334
1.0,0.5095669687814703,0.9732286002014099,ez_ens,3,0.6987242394504416,0.5527950310559007,0.9493333333333334
1.0,0.5307150050352467,0.9732286002014099,ez_ens,3,0.6987242394504416,0.5527950310559007,0.9493333333333334
1.0,0.5337361530715005,0.9732286002014099,ez_ens,3,0.6987242394504416,0.5527950310559007,0.9493333333333334
1.0,0.5357502517623364,0.9732286002014099,ez_ens,3,0.6987242394504416,0.5527950310559007,0.9493333333333334
1.0,0.5377643504531722,0.9732286002014099,ez_ens,3,0.6987242394504416,0.5527950310559007,0.9493333333333334
1.0,0.5850956696878147,0.9732286002014099,ez_ens,3,0.6987242394504416,0.5527950310559007,0.9493333333333334
1.0,0.5891238670694864,0.9732286002014099,ez_ens,3,0.6987242394504416,0.5527950310559007,0.9493333333333334
1.0,0.6032225579053374,0.9732286002014099,ez_ens,3,0.6987242394504416,0.5527950310559007,0.9493333333333334
1.0,0.6052366565961732,0.9732286002014099,ez_ens,3,0.6987242394504416,0.5527950310559007,0.9493333333333334
1.0,0.6203423967774421,0.9732286002014099,ez_ens,3,0.6987242394504416,0.5527950310559007,0.9493333333333334
1.0,0.6314199395770392,0.9732286002014099,ez_ens,3,0.6987242394504416,0.5527950310559007,0.9493333333333334
1.0,1.0,0.9732286002014099,ez_ens,3,0.6987242394504416,0.5527950310559007,0.9493333333333334
0.0,0.0,0.985271629778672,rf,1,0.8450704225352113,0.8955223880597015,0.8
0.056,0.0,0.985271629778672,rf,1,0.8450704225352113,0.8955223880597015,0.8
0.08,0.0,0.985271629778672,rf,1,0.8450704225352113,0.8955223880597015,0.8
0.12,0.0,0.985271629778672,rf,1,0.8450704225352113,0.8955223880597015,0.8
0.192,0.0,0.985271629778672,rf,1,0.8450704225352113,0.8955223880597015,0.8
0.208,0.0,0.985271629778672,rf,1,0.8450704225352113,0.8955223880597015,0.8
0.232,0.0,0.985271629778672,rf,1,0.8450704225352113,0.8955223880597015,0.8
0.264,0.0,0.985271629778672,rf,1,0.8450704225352113,0.8955223880597015,0.8
0.28,0.0,0.985271629778672,rf,1,0.8450704225352113,0.8955223880597015,0.8
0.328,0.0,0.985271629778672,rf,1,0.8450704225352113,0.8955223880597015,0.8
0.344,0.0,0.985271629778672,rf,1,0.8450704225352113,0.8955223880597015,0.8
0.384,0.0,0.985271629778672,rf,1,0.8450704225352113,0.8955223880597015,0.8
0.416,0.0,0.985271629778672,rf,1,0.8450704225352113,0.8955223880597015,0.8
0.44,0.0,0.985271629778672,rf,1,0.8450704225352113,0.8955223880597015,0.8
0.448,0.0,0.985271629778672,rf,1,0.8450704225352113,0.8955223880597015,0.8
0.496,0.0,0.985271629778672,rf,1,0.8450704225352113,0.8955223880597015,0.8
0.512,0.0,0.985271629778672,rf,1,0.8450704225352113,0.8955223880597015,0.8
0.584,0.0,0.985271629778672,rf,1,0.8450704225352113,0.8955223880597015,0.8
0.6,0.0,0.985271629778672,rf,1,0.8450704225352113,0.8955223880597015,0.8
0.608,0.0,0.985271629778672,rf,1,0.8450704225352113,0.8955223880597015,0.8
0.624,0.001006036217303823,0.985271629778672,rf,1,0.8450704225352113,0.8955223880597015,0.8
0.656,0.001006036217303823,0.985271629778672,rf,1,0.8450704225352113,0.8955223880597015,0.8
0.664,0.001006036217303823,0.985271629778672,rf,1,0.8450704225352113,0.8955223880597015,0.8
0.688,0.001006036217303823,0.985271629778672,rf,1,0.8450704225352113,0.8955223880597015,0.8
0.704,0.001006036217303823,0.985271629778672,rf,1,0.8450704225352113,0.8955223880597015,0.8
0.72,0.002012072434607646,0.985271629778672,rf,1,0.8450704225352113,0.8955223880597015,0.8
0.744,0.002012072434607646,0.985271629778672,rf,1,0.8450704225352113,0.8955223880597015,0.8
0.76,0.0030181086519114686,0.985271629778672,rf,1,0.8450704225352113,0.8955223880597015,0.8
0.76,0.006036217303822937,0.985271629778672,rf,1,0.8450704225352113,0.8955223880597015,0.8
0.768,0.007042253521126761,0.985271629778672,rf,1,0.8450704225352113,0.8955223880597015,0.8
0.768,0.008048289738430584,0.985271629778672,rf,1,0.8450704225352113,0.8955223880597015,0.8
0.784,0.01006036217303823,0.985271629778672,rf,1,0.8450704225352113,0.8955223880597015,0.8
0.8,0.013078470824949699,0.985271629778672,rf,1,0.8450704225352113,0.8955223880597015,0.8
0.808,0.013078470824949699,0.985271629778672,rf,1,0.8450704225352113,0.8955223880597015,0.8
0.808,0.015090543259557344,0.985271629778672,rf,1,0.8450704225352113,0.8955223880597015,0.8
0.816,0.015090543259557344,0.985271629778672,rf,1,0.8450704225352113,0.8955223880597015,0.8
0.824,0.01710261569416499,0.985271629778672,rf,1,0.8450704225352113,0.8955223880597015,0.8
0.832,0.018108651911468814,0.985271629778672,rf,1,0.8450704225352113,0.8955223880597015,0.8
0.832,0.019114688128772636,0.985271629778672,rf,1,0.8450704225352113,0.8955223880597015,0.8
0.848,0.019114688128772636,0.985271629778672,rf,1,0.8450704225352113,0.8955223880597015,0.8
0.848,0.02112676056338028,0.985271629778672,rf,1,0.8450704225352113,0.8955223880597015,0.8
0.856,0.022132796780684104,0.985271629778672,rf,1,0.8450704225352113,0.8955223880597015,0.8
0.856,0.023138832997987926,0.985271629778672,rf,1,0.8450704225352113,0.8955223880597015,0.8
0.864,0.026156941649899398,0.985271629778672,rf,1,0.8450704225352113,0.8955223880597015,0.8
0.872,0.028169014084507043,0.985271629778672,rf,1,0.8450704225352113,0.8955223880597015,0.8
0.872,0.03118712273641851,0.985271629778672,rf,1,0.8450704225352113,0.8955223880597015,0.8
0.872,0.03219315895372234,0.985271629778672,rf,1,0.8450704225352113,0.8955223880597015,0.8
0.88,0.03219315895372234,0.985271629778672,rf,1,0.8450704225352113,0.8955223880597015,0.8
0.888,0.03420523138832998,0.985271629778672,rf,1,0.8450704225352113,0.8955223880597015,0.8
0.888,0.035211267605633804,0.985271629778672,rf,1,0.8450704225352113,0.8955223880597015,0.8
0.904,0.03722334004024145,0.985271629778672,rf,1,0.8450704225352113,0.8955223880597015,0.8
0.912,0.039235412474849095,0.985271629778672,rf,1,0.8450704225352113,0.8955223880597015,0.8
0.912,0.04426559356136821,0.985271629778672,rf,1,0.8450704225352113,0.8955223880597015,0.8
0.928,0.04929577464788732,0.985271629778672,rf,1,0.8450704225352113,0.8955223880597015,0.8
0.928,0.05331991951710262,0.985271629778672,rf,1,0.8450704225352113,0.8955223880597015,0.8
0.928,0.05835010060362173,0.985271629778672,rf,1,0.8450704225352113,0.8955223880597015,0.8
0.928,0.059356136820925554,0.985271629778672,rf,1,0.8450704225352113,0.8955223880597015,0.8
0.928,0.06237424547283702,0.985271629778672,rf,1,0.8450704225352113,0.8955223880597015,0.8
0.936,0.06338028169014084,0.985271629778672,rf,1,0.8450704225352113,0.8955223880597015,0.8
0.944,0.06539235412474849,0.985271629778672,rf,1,0.8450704225352113,0.8955223880597015,0.8
0.944,0.06740442655935613,0.985271629778672,rf,1,0.8450704225352113,0.8955223880597015,0.8
0.952,0.06841046277665996,0.985271629778672,rf,1,0.8450704225352113,0.8955223880597015,0.8
0.96,0.07746478873239436,0.985271629778672,rf,1,0.8450704225352113,0.8955223880597015,0.8
0.96,0.08048289738430583,0.985271629778672,rf,1,0.8450704225352113,0.8955223880597015,0.8
0.968,0.08350100603621731,0.985271629778672,rf,1,0.8450704225352113,0.8955223880597015,0.8
0.968,0.0875251509054326,0.985271629778672,rf,1,0.8450704225352113,0.8955223880597015,0.8
0.968,0.09356136820925554,0.985271629778672,rf,1,0.8450704225352113,0.8955223880597015,0.8
0.976,0.09959758551307847,0.985271629778672,rf,1,0.8450704225352113,0.8955223880597015,0.8
0.984,0.10261569416498995,0.985271629778672,rf,1,0.8450704225352113,0.8955223880597015,0.8
0.984,0.11167002012072434,0.985271629778672,rf,1,0.8450704225352113,0.8955223880597015,0.8
0.984,0.11770623742454728,0.985271629778672,rf,1,0.8450704225352113,0.8955223880597015,0.8
0.984,0.1267605633802817,0.985271629778672,rf,1,0.8450704225352113,0.8955223880597015,0.8
0.984,0.13782696177062373,0.985271629778672,rf,1,0.8450704225352113,0.8955223880597015,0.8
0.984,0.1529175050301811,0.985271629778672,rf,1,0.8450704225352113,0.8955223880597015,0.8
0.984,0.15995975855130784,0.985271629778672,rf,1,0.8450704225352113,0.8955223880597015,0.8
0.992,0.19718309859154928,0.985271629778672,rf,1,0.8450704225352113,0.8955223880597015,0.8
1.0,1.0,0.985271629778672,rf,1,0.8450704225352113,0.8955223880597015,0.8
0.0,0.0,0.9890876132930514,rf,2,0.8450704225352113,0.8955223880597015,0.8
0.072,0.0,0.9890876132930514,rf,2,0.8450704225352113,0.8955223880597015,0.8
0.12,0.0,0.9890876132930514,rf,2,0.8450704225352113,0.8955223880597015,0.8
0.192,0.0,0.9890876132930514,rf,2,0.8450704225352113,0.8955223880597015,0.8
0.232,0.0,0.9890876132930514,rf,2,0.8450704225352113,0.8955223880597015,0.8
0.248,0.0,0.9890876132930514,rf,2,0.8450704225352113,0.8955223880597015,0.8
0.28,0.0,0.9890876132930514,rf,2,0.8450704225352113,0.8955223880597015,0.8
0.32,0.0,0.9890876132930514,rf,2,0.8450704225352113,0.8955223880597015,0.8
0.328,0.0,0.9890876132930514,rf,2,0.8450704225352113,0.8955223880597015,0.8
0.376,0.0,0.9890876132930514,rf,2,0.8450704225352113,0.8955223880597015,0.8
0.392,0.0,0.9890876132930514,rf,2,0.8450704225352113,0.8955223880597015,0.8
0.416,0.0010070493454179255,0.9890876132930514,rf,2,0.8450704225352113,0.8955223880597015,0.8
0.424,0.0010070493454179255,0.9890876132930514,rf,2,0.8450704225352113,0.8955223880597015,0.8
0.432,0.002014098690835851,0.9890876132930514,rf,2,0.8450704225352113,0.8955223880597015,0.8
0.448,0.002014098690835851,0.9890876132930514,rf,2,0.8450704225352113,0.8955223880597015,0.8
0.456,0.002014098690835851,0.9890876132930514,rf,2,0.8450704225352113,0.8955223880597015,0.8
0.472,0.002014098690835851,0.9890876132930514,rf,2,0.8450704225352113,0.8955223880597015,0.8
0.488,0.002014098690835851,0.9890876132930514,rf,2,0.8450704225352113,0.8955223880597015,0.8
0.512,0.002014098690835851,0.9890876132930514,rf,2,0.8450704225352113,0.8955223880597015,0.8
0.52,0.002014098690835851,0.9890876132930514,rf,2,0.8450704225352113,0.8955223880597015,0.8
0.528,0.0030211480362537764,0.9890876132930514,rf,2,0.8450704225352113,0.8955223880597015,0.8
0.544,0.004028197381671702,0.9890876132930514,rf,2,0.8450704225352113,0.8955223880597015,0.8
0.56,0.004028197381671702,0.9890876132930514,rf,2,0.8450704225352113,0.8955223880597015,0.8
0.592,0.004028197381671702,0.9890876132930514,rf,2,0.8450704225352113,0.8955223880597015,0.8
0.608,0.004028197381671702,0.9890876132930514,rf,2,0.8450704225352113,0.8955223880597015,0.8
0.616,0.006042296072507553,0.9890876132930514,rf,2,0.8450704225352113,0.8955223880597015,0.8
0.632,0.006042296072507553,0.9890876132930514,rf,2,0.8450704225352113,0.8955223880597015,0.8
0.64,0.006042296072507553,0.9890876132930514,rf,2,0.8450704225352113,0.8955223880597015,0.8
0.656,0.007049345417925478,0.9890876132930514,rf,2,0.8450704225352113,0.8955223880597015,0.8
0.664,0.007049345417925478,0.9890876132930514,rf,2,0.8450704225352113,0.8955223880597015,0.8
0.68,0.007049345417925478,0.9890876132930514,rf,2,0.8450704225352113,0.8955223880597015,0.8
0.68,0.008056394763343404,0.9890876132930514,rf,2,0.8450704225352113,0.8955223880597015,0.8
0.704,0.00906344410876133,0.9890876132930514,rf,2,0.8450704225352113,0.8955223880597015,0.8
0.728,0.00906344410876133,0.9890876132930514,rf,2,0.8450704225352113,0.8955223880597015,0.8
0.736,0.010070493454179255,0.9890876132930514,rf,2,0.8450704225352113,0.8955223880597015,0.8
0.744,0.010070493454179255,0.9890876132930514,rf,2,0.8450704225352113,0.8955223880597015,0.8
0.744,0.011077542799597181,0.9890876132930514,rf,2,0.8450704225352113,0.8955223880597015,0.8
0.752,0.011077542799597181,0.9890876132930514,rf,2,0.8450704225352113,0.8955223880597015,0.8
0.768,0.012084592145015106,0.9890876132930514,rf,2,0.8450704225352113,0.8955223880597015,0.8
0.784,0.012084592145015106,0.9890876132930514,rf,2,0.8450704225352113,0.8955223880597015,0.8
0.792,0.012084592145015106,0.9890876132930514,rf,2,0.8450704225352113,0.8955223880597015,0.8
0.792,0.014098690835850957,0.9890876132930514,rf,2,0.8450704225352113,0.8955223880597015,0.8
0.8,0.014098690835850957,0.9890876132930514,rf,2,0.8450704225352113,0.8955223880597015,0.8
0.808,0.015105740181268883,0.9890876132930514,rf,2,0.8450704225352113,0.8955223880597015,0.8
0.808,0.017119838872104734,0.9890876132930514,rf,2,0.8450704225352113,0.8955223880597015,0.8
0.824,0.017119838872104734,0.9890876132930514,rf,2,0.8450704225352113,0.8955223880597015,0.8
0.84,0.01812688821752266,0.9890876132930514,rf,2,0.8450704225352113,0.8955223880597015,0.8
0.84,0.02014098690835851,0.9890876132930514,rf,2,0.8450704225352113,0.8955223880597015,0.8
0.848,0.02416918429003021,0.9890876132930514,rf,2,0.8450704225352113,0.8955223880597015,0.8
0.88,0.026183282980866064,0.9890876132930514,rf,2,0.8450704225352113,0.8955223880597015,0.8
0.896,0.028197381671701913,0.9890876132930514,rf,2,0.8450704225352113,0.8955223880597015,0.8
0.896,0.02920443101711984,0.9890876132930514,rf,2,0.8450704225352113,0.8955223880597015,0.8
0.904,0.035246727089627394,0.9890876132930514,rf,2,0.8450704225352113,0.8955223880597015,0.8
0.904,0.03726082578046324,0.9890876132930514,rf,2,0.8450704225352113,0.8955223880597015,0.8
0.912,0.04028197381671702,0.9890876132930514,rf,2,0.8450704225352113,0.8955223880597015,0.8
0.912,0.0433031218529708,0.9890876132930514,rf,2,0.8450704225352113,0.8955223880597015,0.8
0.912,0.044310171198388724,0.9890876132930514,rf,2,0.8450704225352113,0.8955223880597015,0.8
0.912,0.04632426988922457,0.9890876132930514,rf,2,0.8450704225352113,0.8955223880597015,0.8
0.912,0.0473313192346425,0.9890876132930514,rf,2,0.8450704225352113,0.8955223880597015,0.8
0.92,0.0473313192346425,0.9890876132930514,rf,2,0.8450704225352113,0.8955223880597015,0.8
0.92,0.04934541792547835,0.9890876132930514,rf,2,0.8450704225352113,0.8955223880597015,0.8
0.928,0.050352467270896276,0.9890876132930514,rf,2,0.8450704225352113,0.8955223880597015,0.8
0.936,0.054380664652567974,0.9890876132930514,rf,2,0.8450704225352113,0.8955223880597015,0.8
0.944,0.05639476334340383,0.9890876132930514,rf,2,0.8450704225352113,0.8955223880597015,0.8
0.944,0.06143001007049345,0.9890876132930514,rf,2,0.8450704225352113,0.8955223880597015,0.8
0.96,0.06243705941591138,0.9890876132930514,rf,2,0.8450704225352113,0.8955223880597015,0.8
0.968,0.06545820745216516,0.9890876132930514,rf,2,0.8450704225352113,0.8955223880597015,0.8
0.968,0.06847935548841894,0.9890876132930514,rf,2,0.8450704225352113,0.8955223880597015,0.8
0.968,0.07049345417925479,0.9890876132930514,rf,2,0.8450704225352113,0.8955223880597015,0.8
0.968,0.07351460221550855,0.9890876132930514,rf,2,0.8450704225352113,0.8955223880597015,0.8
0.976,0.07754279959718026,0.9890876132930514,rf,2,0.8450704225352113,0.8955223880597015,0.8
0.976,0.08157099697885196,0.9890876132930514,rf,2,0.8450704225352113,0.8955223880597015,0.8
0.984,0.08459214501510574,0.9890876132930514,rf,2,0.8450704225352113,0.8955223880597015,0.8
0.984,0.09063444108761329,0.9890876132930514,rf,2,0.8450704225352113,0.8955223880597015,0.8
0.992,0.09566968781470292,0.9890876132930514,rf,2,0.8450704225352113,0.8955223880597015,0.8
0.992,0.09969788519637462,0.9890876132930514,rf,2,0.8450704225352113,0.8955223880597015,0.8
1.0,0.10976837865055387,0.9890876132930514,rf,2,0.8450704225352113,0.8955223880597015,0.8
1.0,0.11681772406847936,0.9890876132930514,rf,2,0.8450704225352113,0.8955223880597015,0.8
1.0,0.13897280966767372,0.9890876132930514,rf,2,0.8450704225352113,0.8955223880597015,0.8
1.0,0.15709969788519637,0.9890876132930514,rf,2,0.8450704225352113,0.8955223880597015,0.8
1.0,0.20644511581067473,0.9890876132930514,rf,2,0.8450704225352113,0.8955223880597015,0.8
1.0,1.0,0.9890876132930514,rf,2,0.8450704225352113,0.8955223880597015,0.8
0.0,0.0,0.9849023162134944,rf,3,0.8450704225352113,0.8955223880597015,0.8
0.032,0.0,0.9849023162134944,rf,3,0.8450704225352113,0.8955223880597015,0.8
0.072,0.0,0.9849023162134944,rf,3,0.8450704225352113,0.8955223880597015,0.8
0.136,0.0,0.9849023162134944,rf,3,0.8450704225352113,0.8955223880597015,0.8
0.176,0.0,0.9849023162134944,rf,3,0.8450704225352113,0.8955223880597015,0.8
0.248,0.0,0.9849023162134944,rf,3,0.8450704225352113,0.8955223880597015,0.8
0.288,0.0010070493454179255,0.9849023162134944,rf,3,0.8450704225352113,0.8955223880597015,0.8
0.32,0.0010070493454179255,0.9849023162134944,rf,3,0.8450704225352113,0.8955223880597015,0.8
0.368,0.0010070493454179255,0.9849023162134944,rf,3,0.8450704225352113,0.8955223880597015,0.8
0.376,0.0010070493454179255,0.9849023162134944,rf,3,0.8450704225352113,0.8955223880597015,0.8
0.408,0.0010070493454179255,0.9849023162134944,rf,3,0.8450704225352113,0.8955223880597015,0.8
0.416,0.0010070493454179255,0.9849023162134944,rf,3,0.8450704225352113,0.8955223880597015,0.8
0.488,0.0010070493454179255,0.9849023162134944,rf,3,0.8450704225352113,0.8955223880597015,0.8
0.496,0.0010070493454179255,0.9849023162134944,rf,3,0.8450704225352113,0.8955223880597015,0.8
0.52,0.0010070493454179255,0.9849023162134944,rf,3,0.8450704225352113,0.8955223880597015,0.8
0.528,0.002014098690835851,0.9849023162134944,rf,3,0.8450704225352113,0.8955223880597015,0.8
0.576,0.002014098690835851,0.9849023162134944,rf,3,0.8450704225352113,0.8955223880597015,0.8
0.592,0.002014098690835851,0.9849023162134944,rf,3,0.8450704225352113,0.8955223880597015,0.8
0.624,0.002014098690835851,0.9849023162134944,rf,3,0.8450704225352113,0.8955223880597015,0.8
0.632,0.002014098690835851,0.9849023162134944,rf,3,0.8450704225352113,0.8955223880597015,0.8
0.648,0.0030211480362537764,0.9849023162134944,rf,3,0.8450704225352113,0.8955223880597015,0.8
0.664,0.0030211480362537764,0.9849023162134944,rf,3,0.8450704225352113,0.8955223880597015,0.8
0.68,0.004028197381671702,0.9849023162134944,rf,3,0.8450704225352113,0.8955223880597015,0.8
0.68,0.005035246727089627,0.9849023162134944,rf,3,0.8450704225352113,0.8955223880597015,0.8
0.696,0.005035246727089627,0.9849023162134944,rf,3,0.8450704225352113,0.8955223880597015,0.8
0.704,0.005035246727089627,0.9849023162134944,rf,3,0.8450704225352113,0.8955223880597015,0.8
0.728,0.005035246727089627,0.9849023162134944,rf,3,0.8450704225352113,0.8955223880597015,0.8
0.728,0.006042296072507553,0.9849023162134944,rf,3,0.8450704225352113,0.8955223880597015,0.8
0.744,0.006042296072507553,0.9849023162134944,rf,3,0.8450704225352113,0.8955223880597015,0.8
0.752,0.006042296072507553,0.9849023162134944,rf,3,0.8450704225352113,0.8955223880597015,0.8
0.768,0.007049345417925478,0.9849023162134944,rf,3,0.8450704225352113,0.8955223880597015,0.8
0.776,0.007049345417925478,0.9849023162134944,rf,3,0.8450704225352113,0.8955223880597015,0.8
0.784,0.008056394763343404,0.9849023162134944,rf,3,0.8450704225352113,0.8955223880597015,0.8
0.8,0.00906344410876133,0.9849023162134944,rf,3,0.8450704225352113,0.8955223880597015,0.8
0.8,0.010070493454179255,0.9849023162134944,rf,3,0.8450704225352113,0.8955223880597015,0.8
0.808,0.010070493454179255,0.9849023162134944,rf,3,0.8450704225352113,0.8955223880597015,0.8
0.824,0.011077542799597181,0.9849023162134944,rf,3,0.8450704225352113,0.8955223880597015,0.8
0.824,0.013091641490433032,0.9849023162134944,rf,3,0.8450704225352113,0.8955223880597015,0.8
0.84,0.014098690835850957,0.9849023162134944,rf,3,0.8450704225352113,0.8955223880597015,0.8
0.84,0.016112789526686808,0.9849023162134944,rf,3,0.8450704225352113,0.8955223880597015,0.8
0.84,0.017119838872104734,0.9849023162134944,rf,3,0.8450704225352113,0.8955223880597015,0.8
0.848,0.021148036253776436,0.9849023162134944,rf,3,0.8450704225352113,0.8955223880597015,0.8
0.856,0.022155085599194362,0.9849023162134944,rf,3,0.8450704225352113,0.8955223880597015,0.8
0.856,0.023162134944612285,0.9849023162134944,rf,3,0.8450704225352113,0.8955223880597015,0.8
0.856,0.025176233635448138,0.9849023162134944,rf,3,0.8450704225352113,0.8955223880597015,0.8
0.864,0.026183282980866064,0.9849023162134944,rf,3,0.8450704225352113,0.8955223880597015,0.8
0.864,0.028197381671701913,0.9849023162134944,rf,3,0.8450704225352113,0.8955223880597015,0.8
0.864,0.030211480362537766,0.9849023162134944,rf,3,0.8450704225352113,0.8955223880597015,0.8
0.872,0.03121852970795569,0.9849023162134944,rf,3,0.8450704225352113,0.8955223880597015,0.8
0.888,0.03323262839879154,0.9849023162134944,rf,3,0.8450704225352113,0.8955223880597015,0.8
0.896,0.035246727089627394,0.9849023162134944,rf,3,0.8450704225352113,0.8955223880597015,0.8
0.912,0.03625377643504532,0.9849023162134944,rf,3,0.8450704225352113,0.8955223880597015,0.8
0.912,0.038267875125881166,0.9849023162134944,rf,3,0.8450704225352113,0.8955223880597015,0.8
0.92,0.04028197381671702,0.9849023162134944,rf,3,0.8450704225352113,0.8955223880597015,0.8
0.92,0.04229607250755287,0.9849023162134944,rf,3,0.8450704225352113,0.8955223880597015,0.8
0.92,0.0433031218529708,0.9849023162134944,rf,3,0.8450704225352113,0.8955223880597015,0.8
0.928,0.0433031218529708,0.9849023162134944,rf,3,0.8450704225352113,0.8955223880597015,0.8
0.928,0.0513595166163142,0.9849023162134944,rf,3,0.8450704225352113,0.8955223880597015,0.8
0.928,0.05236656596173213,0.9849023162134944,rf,3,0.8450704225352113,0.8955223880597015,0.8
0.928,0.0553877139979859,0.9849023162134944,rf,3,0.8450704225352113,0.8955223880597015,0.8
0.936,0.059415911379657606,0.9849023162134944,rf,3,0.8450704225352113,0.8955223880597015,0.8
0.936,0.06445115810674723,0.9849023162134944,rf,3,0.8450704225352113,0.8955223880597015,0.8
0.936,0.06747230614300101,0.9849023162134944,rf,3,0.8450704225352113,0.8955223880597015,0.8
0.936,0.06948640483383686,0.9849023162134944,rf,3,0.8450704225352113,0.8955223880597015,0.8
0.952,0.0755287009063444,0.9849023162134944,rf,3,0.8450704225352113,0.8955223880597015,0.8
0.96,0.07754279959718026,0.9849023162134944,rf,3,0.8450704225352113,0.8955223880597015,0.8
0.96,0.08358509566968782,0.9849023162134944,rf,3,0.8450704225352113,0.8955223880597015,0.8
0.968,0.0866062437059416,0.9849023162134944,rf,3,0.8450704225352113,0.8955223880597015,0.8
0.968,0.09063444108761329,0.9849023162134944,rf,3,0.8450704225352113,0.8955223880597015,0.8
0.976,0.09264853977844914,0.9849023162134944,rf,3,0.8450704225352113,0.8955223880597015,0.8
0.976,0.09566968781470292,0.9849023162134944,rf,3,0.8450704225352113,0.8955223880597015,0.8
0.984,0.09969788519637462,0.9849023162134944,rf,3,0.8450704225352113,0.8955223880597015,0.8
0.984,0.10574018126888217,0.9849023162134944,rf,3,0.8450704225352113,0.8955223880597015,0.8
0.984,0.11581067472306143,0.9849023162134944,rf,3,0.8450704225352113,0.8955223880597015,0.8
0.984,0.1268882175226586,0.9849023162134944,rf,3,0.8450704225352113,0.8955223880597015,0.8
0.984,0.14098690835850958,0.9849023162134944,rf,3,0.8450704225352113,0.8955223880597015,0.8
0.992,0.18429003021148035,0.9849023162134944,rf,3,0.8450704225352113,0.8955223880597015,0.8
1.0,1.0,0.9849023162134944,rf,3,0.8450704225352113,0.8955223880597015,0.8
